case_id,source_id,model,sources,source_count,target,seed,parameter_count,source_size,source_accuracy,zero_shot_val_accuracy,zero_shot_val_loss,zero_shot_test_accuracy,zero_shot_test_loss,n_5,n_10,n_25,n_50,n_100,accuracy_5,accuracy_10,accuracy_25,accuracy_50,accuracy_100,n_0,accuracy_0,curve_a0,curve_a,curve_c,curve_fit_mae,curve_fit_rmse,curve_fit_max_error
cnn3_art_painting_seed42_to_cartoon,cnn3_art_painting_seed42,cnn3,art_painting,1,cartoon,42,94151,1433,0.5560975609756098,0.3404255319148936,2.5732971921880194,0.3518123667377398,2.341305909634653,82,164,410,821,1640,0.5138592750533049,0.5437100213219617,0.6162046908315565,0.6396588486140725,0.6844349680170576,0,0.3518123667377398,0.3518123667377398,0.9999999999999999,0.08293664968539752,0.02079559764174412,0.025272399533268812,0.036838226669314134
cnn3_art_painting_seed42_to_photo,cnn3_art_painting_seed42,cnn3,art_painting,1,photo,42,94151,1433,0.5560975609756098,0.4910179640718562,1.8277780909738144,0.4580838323353293,1.8148854421284384,58,117,292,585,1169,0.5778443113772455,0.5808383233532934,0.6107784431137725,0.688622754491018,0.6976047904191617,0,0.4580838323353293,0.4580838323353293,0.9999999999999999,0.0704769098739613,0.02251492017986371,0.025367739850344746,0.03445002522084595
cnn3_art_painting_seed42_to_sketch,cnn3_art_painting_seed42,cnn3,art_painting,1,sketch,42,94151,1433,0.5560975609756098,0.2366412213740458,2.775936262601508,0.2290076335877862,2.8246642542249374,138,275,688,1375,2750,0.4847328244274809,0.5368956743002544,0.5572519083969466,0.594147582697201,0.6348600508905853,0,0.2290076335877862,0.2290076335877862,0.99999999999958,0.08847481143599495,0.008584339640807884,0.011067338132044992,0.017457259123252244
cnn3_art_painting_seed387_to_cartoon,cnn3_art_painting_seed387,cnn3,art_painting,1,cartoon,387,94151,1433,0.5463414634146342,0.3531914893617021,2.5667391026273685,0.3432835820895522,2.426387380181091,82,164,410,821,1640,0.5245202558635395,0.5479744136460555,0.5884861407249466,0.6311300639658849,0.673773987206823,0,0.3432835820895522,0.3432835820895522,0.9999999999798245,0.08207855029747417,0.01510074179410198,0.018020649541921275,0.03144720547557023
cnn3_art_painting_seed387_to_photo,cnn3_art_painting_seed387,cnn3,art_painting,1,photo,387,94151,1433,0.5463414634146342,0.4790419161676646,2.1724891605491408,0.4431137724550898,2.1316850285330218,58,117,292,585,1169,0.4820359281437126,0.5508982035928144,0.6227544910179641,0.6437125748502994,0.6946107784431138,0,0.4431137724550898,0.4431137724550898,0.9999999999999999,0.061772602719143456,0.034699049379733386,0.04470242273445777,0.08507528179695428
cnn3_art_painting_seed387_to_sketch,cnn3_art_painting_seed387,cnn3,art_painting,1,sketch,387,94151,1433,0.5463414634146342,0.2875318066157761,2.334374794219893,0.2557251908396946,2.2914224192689696,138,275,688,1375,2750,0.4821882951653944,0.5,0.544529262086514,0.583969465648855,0.6106870229007634,0,0.2557251908396946,0.2557251908396946,0.9999999999999999,0.07691423382117989,0.009515457822674045,0.0111437868397994,0.016949352970158982
cnn3_cartoon_seed42_to_art_painting,cnn3_cartoon_seed42,cnn3,cartoon,1,art_painting,42,94151,1640,0.7404255319148936,0.3024390243902439,4.209174142232755,0.2634146341463415,4.163615882687452,71,143,358,716,1433,0.3097560975609756,0.3560975609756097,0.4048780487804878,0.4073170731707317,0.4682926829268293,0,0.2634146341463415,0.2634146341463415,0.9999999999998976,0.03373627119792953,0.021639372207687125,0.02970595678369745,0.052621432274023716
cnn3_cartoon_seed42_to_photo,cnn3_cartoon_seed42,cnn3,cartoon,1,photo,42,94151,1640,0.7404255319148936,0.3592814371257485,3.64088541590525,0.311377245508982,4.080771280619913,58,117,292,585,1169,0.4880239520958084,0.5059880239520959,0.5688622754491018,0.6227544910179641,0.6407185628742516,0,0.311377245508982,0.311377245508982,0.9999999999999999,0.0838638320777813,0.017747622250801825,0.02135763047685212,0.03245490954781571
cnn3_cartoon_seed42_to_sketch,cnn3_cartoon_seed42,cnn3,cartoon,1,sketch,42,94151,1640,0.7404255319148936,0.2519083969465648,2.258599834587738,0.232824427480916,2.3414940918978235,138,275,688,1375,2750,0.5203562340966921,0.5699745547073791,0.5687022900763359,0.6450381679389313,0.6628498727735369,0,0.232824427480916,0.232824427480916,0.9999999999270944,0.09949777603738702,0.013345988916167728,0.016436080658149107,0.03089384060253375
cnn3_cartoon_seed387_to_art_painting,cnn3_cartoon_seed387,cnn3,cartoon,1,art_painting,387,94151,1640,0.7446808510638298,0.2975609756097561,3.565320754632717,0.2829268292682926,3.5878745474466465,71,143,358,716,1433,0.3439024390243902,0.375609756097561,0.4048780487804878,0.4195121951219512,0.4682926829268293,0,0.2829268292682926,0.2829268292682926,0.9999999999999969,0.03246575951635114,0.014127942011532993,0.020135403376626757,0.03464112221538734
cnn3_cartoon_seed387_to_photo,cnn3_cartoon_seed387,cnn3,cartoon,1,photo,387,94151,1640,0.7446808510638298,0.4071856287425149,3.028132432949043,0.3982035928143712,3.581795835209464,58,117,292,585,1169,0.4700598802395209,0.5029940119760479,0.5299401197604791,0.5898203592814372,0.6646706586826348,0,0.3982035928143712,0.3982035928143712,0.999999999999751,0.05502219524661217,0.033213364545710826,0.040672068166695934,0.07264351496334664
cnn3_cartoon_seed387_to_sketch,cnn3_cartoon_seed387,cnn3,cartoon,1,sketch,387,94151,1640,0.7446808510638298,0.1908396946564885,2.377525902279764,0.1590330788804071,2.483399422720795,138,275,688,1375,2750,0.5279898218829516,0.5610687022900763,0.5954198473282443,0.6195928753180662,0.6603053435114504,0,0.1590330788804071,0.1590330788804071,0.9067738977496587,0.13626006245207506,0.004146933281738134,0.00505156195781599,0.007873427344707085
cnn3_photo_seed42_to_art_painting,cnn3_photo_seed42,cnn3,photo,1,art_painting,42,94151,1169,0.688622754491018,0.2780487804878049,4.732010557593369,0.2292682926829268,5.5170353400998,71,143,358,716,1433,0.324390243902439,0.373170731707317,0.375609756097561,0.4365853658536585,0.473170731707317,0,0.2292682926829268,0.2292682926829268,0.9999999999999999,0.04331910277215579,0.01994433682333475,0.024299446724295744,0.03572490237231213
cnn3_photo_seed42_to_cartoon,cnn3_photo_seed42,cnn3,photo,1,cartoon,42,94151,1169,0.688622754491018,0.1957446808510638,6.126981889440658,0.1833688699360341,5.4081391617179175,82,164,410,821,1640,0.4669509594882729,0.4904051172707889,0.5650319829424307,0.5927505330490405,0.6375266524520256,0,0.1833688699360341,0.1833688699360341,0.9999999999999999,0.10205757029273455,0.011650617814450676,0.014636204849252816,0.02462484526586578
cnn3_photo_seed42_to_sketch,cnn3_photo_seed42,cnn3,photo,1,sketch,42,94151,1169,0.688622754491018,0.1577608142493638,4.276752093366084,0.1564885496183206,4.326551083086708,138,275,688,1375,2750,0.4529262086513995,0.4936386768447837,0.5063613231552163,0.5852417302798982,0.6081424936386769,0,0.1564885496183206,0.1564885496183206,0.9999999999999992,0.09143189989577025,0.013188732921953624,0.016834896752318453,0.029564709894316477
cnn3_photo_seed387_to_art_painting,cnn3_photo_seed387,cnn3,photo,1,art_painting,387,94151,1169,0.7305389221556886,0.2585365853658536,4.277600693121189,0.2341463414634146,4.974208161889053,71,143,358,716,1433,0.3146341463414634,0.3585365853658536,0.3902439024390244,0.4585365853658537,0.5097560975609756,0,0.2341463414634146,0.2341463414634146,0.9999999999999994,0.04575866159431391,0.03266838071429983,0.03830994679080274,0.05892549351930243
cnn3_photo_seed387_to_cartoon,cnn3_photo_seed387,cnn3,photo,1,cartoon,387,94151,1169,0.7305389221556886,0.1787234042553191,6.109404965664478,0.1577825159914712,5.382327325816856,82,164,410,821,1640,0.4626865671641791,0.4562899786780384,0.5692963752665245,0.5948827292110874,0.6588486140724946,0,0.1577825159914712,0.1577825159914712,0.9999999999999999,0.1067637080077372,0.021118829843861736,0.029089544509795243,0.055420454867762536
cnn3_photo_seed387_to_sketch,cnn3_photo_seed387,cnn3,photo,1,sketch,387,94151,1169,0.7305389221556886,0.1552162849872773,5.514809300274643,0.1552162849872773,5.546551352542169,138,275,688,1375,2750,0.4274809160305343,0.4643765903307888,0.5165394402035624,0.5585241730279898,0.6017811704834606,0,0.1552162849872773,0.1552162849872773,0.9999999999999997,0.08675474741063029,0.013265137341092118,0.01630092204856422,0.02674639827127434
cnn3_sketch_seed42_to_art_painting,cnn3_sketch_seed42,cnn3,sketch,1,art_painting,42,94151,2750,0.72264631043257,0.1317073170731707,19.84606859160633,0.1341463414634146,17.64549307474276,71,143,358,716,1433,0.2707317073170732,0.2658536585365854,0.3341463414634146,0.3634146341463414,0.4463414634146341,0,0.1341463414634146,0.1341463414634146,0.9999999999999999,0.04709255988890628,0.023730543665664156,0.03340565018762156,0.06122733802637381
cnn3_sketch_seed42_to_cartoon,cnn3_sketch_seed42,cnn3,sketch,1,cartoon,42,94151,2750,0.72264631043257,0.2340425531914893,9.332248225110645,0.2814498933901919,6.327672441885161,82,164,410,821,1640,0.3773987206823028,0.4584221748400853,0.5415778251599147,0.6140724946695096,0.6183368869936035,0,0.2814498933901919,0.2814498933901919,0.9999999999999998,0.07132041606090733,0.04190037355294008,0.05296433204447524,0.09829192013582772
cnn3_sketch_seed42_to_photo,cnn3_sketch_seed42,cnn3,sketch,1,photo,42,94151,2750,0.72264631043257,0.1017964071856287,22.86696492269368,0.092814371257485,23.858507990123268,58,117,292,585,1169,0.2155688622754491,0.344311377245509,0.4311377245508982,0.5299401197604791,0.5898203592814372,0,0.092814371257485,0.092814371257485,0.9999999999999999,0.0840409401656937,0.057730238762495674,0.07532419228859186,0.1404515618195901
cnn3_sketch_seed387_to_art_painting,cnn3_sketch_seed387,cnn3,sketch,1,art_painting,387,94151,2750,0.727735368956743,0.1170731707317073,24.52039780035252,0.1390243902439024,21.73718849740377,71,143,358,716,1433,0.275609756097561,0.2853658536585365,0.3048780487804878,0.4073170731707317,0.4097560975609756,0,0.1390243902439024,0.1390243902439024,0.9999999992122746,0.04597723771020668,0.025777305603354617,0.02948280383646245,0.04367574363605281
cnn3_sketch_seed387_to_cartoon,cnn3_sketch_seed387,cnn3,sketch,1,cartoon,387,94151,2750,0.727735368956743,0.2127659574468085,9.839497489117562,0.2217484008528784,7.316526205554954,82,164,410,821,1640,0.3837953091684435,0.4626865671641791,0.5479744136460555,0.6076759061833689,0.6588486140724946,0,0.2217484008528784,0.2217484008528784,0.9999999999999999,0.08835279998619679,0.03960962607208435,0.05038088390327618,0.08950374422573115
cnn3_sketch_seed387_to_photo,cnn3_sketch_seed387,cnn3,sketch,1,photo,387,94151,2750,0.727735368956743,0.1017964071856287,28.64845202782911,0.092814371257485,32.6721646428822,58,117,292,585,1169,0.2634730538922156,0.3502994011976048,0.4610778443113772,0.5538922155688623,0.6107784431137725,0,0.092814371257485,0.092814371257485,0.9999999999999998,0.09199138888095638,0.05364421776911099,0.06776310336988724,0.11308929690824326
cnn3_art_painting-cartoon_seed42_to_photo,cnn3_art_painting-cartoon_seed42,cnn3,art_painting|cartoon,2,photo,42,94151,3073,0.6636363636363637,0.4550898203592814,2.15200505285206,0.4341317365269461,2.2177367867110016,58,117,292,585,1169,0.562874251497006,0.562874251497006,0.6437125748502994,0.7065868263473054,0.7245508982035929,0,0.4341317365269461,0.4341317365269461,0.9999999999999287,0.08343026186955996,0.028830825753143885,0.03526237613119437,0.057060922259280944
cnn3_art_painting-cartoon_seed42_to_sketch,cnn3_art_painting-cartoon_seed42,cnn3,art_painting|cartoon,2,sketch,42,94151,3073,0.6636363636363637,0.2111959287531806,2.7091895921236384,0.1984732824427481,2.8916490860567747,138,275,688,1375,2750,0.5381679389312977,0.5623409669211196,0.5776081424936387,0.6068702290076335,0.678117048346056,0,0.1984732824427481,0.1984732824427481,0.9999987204352938,0.10589001665692127,0.013985621237280754,0.016663098306922974,0.024623398454061363
cnn3_art_painting-cartoon_seed387_to_photo,cnn3_art_painting-cartoon_seed387,cnn3,art_painting|cartoon,2,photo,387,94151,3073,0.65,0.4730538922155688,2.1845231198979,0.4700598802395209,2.073775148677255,58,117,292,585,1169,0.5868263473053892,0.5778443113772455,0.6586826347305389,0.7005988023952096,0.7245508982035929,0,0.4700598802395209,0.4700598802395209,0.9999999999993554,0.0762310681486096,0.023567393061740327,0.02990514007604214,0.053785038074828484
cnn3_art_painting-cartoon_seed387_to_sketch,cnn3_art_painting-cartoon_seed387,cnn3,art_painting|cartoon,2,sketch,387,94151,3073,0.65,0.1755725190839694,2.991893304819976,0.1450381679389313,3.098020791400783,138,275,688,1375,2750,0.5050890585241731,0.5419847328244275,0.6055979643765903,0.6374045801526718,0.6666666666666666,0,0.1450381679389313,0.1450381679389313,0.9999999999999999,0.11585178366761906,0.007790515662507121,0.008808123329605136,0.012213896655100198
cnn3_art_painting-photo_seed42_to_cartoon,cnn3_art_painting-photo_seed42,cnn3,art_painting|photo,2,cartoon,42,94151,2602,0.6102150537634409,0.2978723404255319,3.574679760222739,0.2729211087420042,3.315207410214552,82,164,410,821,1640,0.4989339019189765,0.5522388059701493,0.6204690831556503,0.652452025586354,0.6993603411513859,0,0.2729211087420042,0.2729211087420042,0.9999999999999999,0.10463368662194554,0.01995353609814877,0.02496295243847013,0.04315484057746305
cnn3_art_painting-photo_seed42_to_sketch,cnn3_art_painting-photo_seed42,cnn3,art_painting|photo,2,sketch,42,94151,2602,0.6102150537634409,0.1577608142493638,3.8279836475090825,0.1577608142493638,3.894695315955553,138,275,688,1375,2750,0.4910941475826972,0.5139949109414759,0.5597964376590331,0.5903307888040712,0.6628498727735369,0,0.1577608142493638,0.1577608142493638,0.9999999999997722,0.10311587225272717,0.012104548764057458,0.01660281848736012,0.035043875614330755
cnn3_art_painting-photo_seed387_to_cartoon,cnn3_art_painting-photo_seed387,cnn3,art_painting|photo,2,cartoon,387,94151,2602,0.6290322580645161,0.2851063829787234,2.972310881919049,0.326226012793177,2.7167852275661315,82,164,410,821,1640,0.5415778251599147,0.5756929637526652,0.6460554371002132,0.67590618336887,0.6780383795309168,0,0.326226012793177,0.326226012793177,0.9999999999999999,0.09956242967640952,0.013561236750979791,0.016705847320036,0.024465710339676705
cnn3_art_painting-photo_seed387_to_sketch,cnn3_art_painting-photo_seed387,cnn3,art_painting|photo,2,sketch,387,94151,2602,0.6290322580645161,0.2264631043256997,2.756218995150112,0.2073791348600508,2.7650727667578,138,275,688,1375,2750,0.5050890585241731,0.5432569974554707,0.5623409669211196,0.5992366412213741,0.6437659033078881,0,0.2073791348600508,0.2073791348600508,0.9999999999979445,0.09598320051789967,0.006687857980151535,0.008812395622930978,0.014388748401427565
cnn3_art_painting-sketch_seed42_to_cartoon,cnn3_art_painting-sketch_seed42,cnn3,art_painting|sketch,2,cartoon,42,94151,4183,0.6872909698996655,0.4042553191489361,2.5557593609424347,0.4754797441364605,2.042445558983126,82,164,410,821,1640,0.5437100213219617,0.5991471215351812,0.6375266524520256,0.6886993603411514,0.7100213219616205,0,0.4754797441364605,0.4754797441364605,0.9999999999998993,0.06379055438704215,0.025930664825267735,0.03291572830991346,0.060610789593351866
cnn3_art_painting-sketch_seed42_to_photo,cnn3_art_painting-sketch_seed42,cnn3,art_painting|sketch,2,photo,42,94151,4183,0.6872909698996655,0.5089820359281437,2.153792227099756,0.5179640718562875,2.0796468186521246,58,117,292,585,1169,0.5508982035928144,0.5898203592814372,0.625748502994012,0.6676646706586826,0.7395209580838323,0,0.5179640718562875,0.5179640718562875,0.9999999999999984,0.05279744476181326,0.032744879796851735,0.041745373410988745,0.07148193628319
cnn3_art_painting-sketch_seed387_to_cartoon,cnn3_art_painting-sketch_seed387,cnn3,art_painting|sketch,2,cartoon,387,94151,4183,0.6488294314381271,0.3446808510638298,2.8594424552105844,0.4115138592750533,2.327633530346316,82,164,410,821,1640,0.5373134328358209,0.5714285714285714,0.6332622601279317,0.6844349680170576,0.7121535181236673,0,0.4115138592750533,0.4115138592750533,0.9999999999994684,0.07934253822940003,0.025868513698030376,0.031804178964223356,0.04823697897719181
cnn3_art_painting-sketch_seed387_to_photo,cnn3_art_painting-sketch_seed387,cnn3,art_painting|sketch,2,photo,387,94151,4183,0.6488294314381271,0.4790419161676646,2.2363647586571243,0.467065868263473,2.247558559486252,58,117,292,585,1169,0.5149700598802395,0.5449101796407185,0.6317365269461078,0.6766467065868264,0.7305389221556886,0,0.467065868263473,0.467065868263473,0.9999999999999454,0.06400535303073139,0.03996801696336122,0.050432225324780894,0.0745144706235199
cnn3_cartoon-photo_seed42_to_art_painting,cnn3_cartoon-photo_seed42,cnn3,cartoon|photo,2,art_painting,42,94151,2809,0.7238805970149254,0.2878048780487804,3.3543804633908154,0.2853658536585365,3.293849535686214,71,143,358,716,1433,0.3707317073170731,0.4365853658536585,0.4585365853658537,0.4634146341463415,0.4951219512195122,0,0.2853658536585365,0.2853658536585365,0.9999999999999958,0.04434721329308823,0.012093233535701945,0.01733369045103355,0.038093043282812544
cnn3_cartoon-photo_seed42_to_sketch,cnn3_cartoon-photo_seed42,cnn3,cartoon|photo,2,sketch,42,94151,2809,0.7238805970149254,0.3358778625954198,1.639142829953259,0.3702290076335878,1.6987304056570427,138,275,688,1375,2750,0.5330788804071247,0.5534351145038168,0.5877862595419847,0.6208651399491094,0.6399491094147582,0,0.3702290076335878,0.3702290076335878,0.999999999999997,0.066221920516156,0.008782637897835474,0.010132353747757838,0.01269919080471038
cnn3_cartoon-photo_seed387_to_art_painting,cnn3_cartoon-photo_seed387,cnn3,cartoon|photo,2,art_painting,387,94151,2809,0.7263681592039801,0.2926829268292683,2.930402783649724,0.2926829268292683,2.8041224409894245,71,143,358,716,1433,0.3414634146341463,0.4097560975609756,0.4414634146341463,0.4585365853658537,0.4902439024390244,0,0.2926829268292683,0.2926829268292683,0.9999999999998741,0.03803188851601185,0.01753489405679755,0.02635620876120797,0.05739568323048072
cnn3_cartoon-photo_seed387_to_sketch,cnn3_cartoon-photo_seed387,cnn3,cartoon|photo,2,sketch,387,94151,2809,0.7263681592039801,0.2061068702290076,1.9658724636825289,0.2111959287531806,2.0437525246889536,138,275,688,1375,2750,0.5356234096692112,0.5483460559796438,0.5801526717557252,0.6348600508905853,0.6552162849872774,0,0.2111959287531806,0.2111959287531806,0.9999999999997192,0.10274384680641498,0.008581763630433004,0.010038519325806503,0.01679671848123332
cnn3_cartoon-sketch_seed42_to_art_painting,cnn3_cartoon-sketch_seed42,cnn3,cartoon|sketch,2,art_painting,42,94151,4390,0.732484076433121,0.224390243902439,4.121956615913205,0.2585365853658536,4.18575212432117,71,143,358,716,1433,0.3268292682926829,0.3536585365853658,0.3804878048780488,0.4317073170731707,0.4804878048780487,0,0.2585365853658536,0.2585365853658536,0.9999999999999999,0.03640978184225641,0.025352383866596783,0.029959651786058167,0.04955095143971272
cnn3_cartoon-sketch_seed42_to_photo,cnn3_cartoon-sketch_seed42,cnn3,cartoon|sketch,2,photo,42,94151,4390,0.732484076433121,0.3053892215568862,3.5191745072781684,0.3323353293413174,3.8563990907040897,58,117,292,585,1169,0.4550898203592814,0.5,0.5718562874251497,0.6407185628742516,0.6796407185628742,0,0.3323353293413174,0.3323353293413174,0.9999999999999999,0.08120780320659453,0.03564660334290675,0.043074703384401315,0.06545126871421442
cnn3_cartoon-sketch_seed387_to_art_painting,cnn3_cartoon-sketch_seed387,cnn3,cartoon|sketch,2,art_painting,387,94151,4390,0.7404458598726115,0.2634146341463415,4.293421880210318,0.2682926829268293,4.276015565453506,71,143,358,716,1433,0.3219512195121951,0.3463414634146341,0.3926829268292683,0.3829268292682927,0.4804878048780487,0,0.2682926829268293,0.2682926829268293,0.9999999999999969,0.031294670977358725,0.025245034678932642,0.03332844955008796,0.06333435589488051
cnn3_cartoon-sketch_seed387_to_photo,cnn3_cartoon-sketch_seed387,cnn3,cartoon|sketch,2,photo,387,94151,4390,0.7404458598726115,0.3293413173652694,3.820540765088476,0.3562874251497006,4.053162945958668,58,117,292,585,1169,0.5269461077844312,0.5568862275449101,0.6197604790419161,0.6766467065868264,0.7065868263473054,0,0.3562874251497006,0.3562874251497006,0.9999999999999998,0.09519055442384208,0.023146100390530572,0.027481437621885492,0.03641380174213149
cnn3_photo-sketch_seed42_to_art_painting,cnn3_photo-sketch_seed42,cnn3,photo|sketch,2,art_painting,42,94151,3919,0.7232142857142857,0.224390243902439,5.264236673494665,0.2268292682926829,5.813270568847656,71,143,358,716,1433,0.3219512195121951,0.3829268292682927,0.4560975609756098,0.4634146341463415,0.4926829268292683,0,0.2268292682926829,0.2268292682926829,0.9999999999999999,0.0520414099235113,0.023249648371978692,0.029446972568074326,0.05915345328272992
cnn3_photo-sketch_seed42_to_cartoon,cnn3_photo-sketch_seed42,cnn3,photo|sketch,2,cartoon,42,94151,3919,0.7232142857142857,0.3106382978723404,5.222356812497403,0.2985074626865671,4.356426442355744,82,164,410,821,1640,0.488272921108742,0.5245202558635395,0.5927505330490405,0.650319829424307,0.67590618336887,0,0.2985074626865671,0.2985074626865671,0.9999999999999999,0.09094776818145517,0.023903922301752072,0.029182119479452463,0.04238749304697198
cnn3_photo-sketch_seed387_to_art_painting,cnn3_photo-sketch_seed387,cnn3,photo|sketch,2,art_painting,387,94151,3919,0.7178571428571429,0.3073170731707317,4.309012250202458,0.2609756097560975,4.977535619968322,71,143,358,716,1433,0.3292682926829268,0.3536585365853658,0.3560975609756097,0.4585365853658537,0.4878048780487805,0,0.2609756097560975,0.2609756097560975,0.9999999999952618,0.036735022840760106,0.035157537022327656,0.03920902661374748,0.05365689286831132
cnn3_photo-sketch_seed387_to_cartoon,cnn3_photo-sketch_seed387,cnn3,photo|sketch,2,cartoon,387,94151,3919,0.7178571428571429,0.2723404255319149,4.628129528938456,0.3070362473347548,3.856159690092368,82,164,410,821,1640,0.4498933901918976,0.5245202558635395,0.5842217484008528,0.6289978678038379,0.6823027718550106,0,0.3070362473347548,0.3070362473347548,0.9999999999995802,0.08429353592815444,0.02918454476181138,0.03932098793925463,0.07263820330912446
resnet18_art_painting_seed42_to_cartoon,resnet18_art_painting_seed42,resnet18,art_painting,1,cartoon,42,11180103,1433,0.6487804878048781,0.3404255319148936,4.75883560180664,0.3646055437100213,4.469206315876324,82,164,410,821,1640,0.5842217484008528,0.6311300639658849,0.7356076759061834,0.7697228144989339,0.8187633262260128,0,0.3646055437100213,0.3646055437100213,0.9999999999999976,0.13384430878707035,0.03580035917894372,0.0420217229548588,0.06406742231842288
resnet18_art_painting_seed42_to_photo,resnet18_art_painting_seed42,resnet18,art_painting,1,photo,42,11180103,1433,0.6487804878048781,0.5209580838323353,3.053125175887239,0.5808383233532934,2.927610968401332,58,117,292,585,1169,0.6467065868263473,0.6826347305389222,0.7305389221556886,0.781437125748503,0.781437125748503,0,0.5808383233532934,0.5808383233532934,0.9999999999999959,0.07788228887073556,0.02273794671183697,0.028866493044524193,0.04817841170767323
resnet18_art_painting_seed42_to_sketch,resnet18_art_painting_seed42,resnet18,art_painting,1,sketch,42,11180103,1433,0.6487804878048781,0.4173027989821883,3.4498378957500893,0.4300254452926209,3.3731735171252533,138,275,688,1375,2750,0.6603053435114504,0.7137404580152672,0.7748091603053435,0.8498727735368957,0.8791348600508906,0,0.4300254452926209,0.4300254452926209,0.9999999999999959,0.14687000320381957,0.03523116067409946,0.04266141492429671,0.06356638304604689
resnet18_art_painting_seed387_to_cartoon,resnet18_art_painting_seed387,resnet18,art_painting,1,cartoon,387,11180103,1433,0.6439024390243903,0.3361702127659574,4.854637056715945,0.3859275053304904,4.545237559499517,82,164,410,821,1640,0.5735607675906184,0.605543710021322,0.7164179104477612,0.7953091684434968,0.837953091684435,0,0.3859275053304904,0.3859275053304904,0.9999999999993683,0.12730067321539676,0.04768948099597716,0.05844609950608666,0.07724838589826488
resnet18_art_painting_seed387_to_photo,resnet18_art_painting_seed387,resnet18,art_painting,1,photo,387,11180103,1433,0.6439024390243903,0.5748502994011976,2.7954404311265773,0.592814371257485,2.6718610432333576,58,117,292,585,1169,0.6766467065868264,0.6976047904191617,0.7574850299401198,0.7874251497005988,0.8053892215568862,0,0.592814371257485,0.592814371257485,0.9999999999984106,0.08628157154567791,0.020926596998857516,0.024800007034081258,0.036935135661821494
resnet18_art_painting_seed387_to_sketch,resnet18_art_painting_seed387,resnet18,art_painting,1,sketch,387,11180103,1433,0.6439024390243903,0.4452926208651399,3.3516457924102707,0.4465648854961832,3.1138426948139686,138,275,688,1375,2750,0.6704834605597965,0.7150127226463104,0.7798982188295165,0.8384223918575063,0.861323155216285,0,0.4465648854961832,0.4465648854961832,0.999999999999996,0.14050878294887567,0.0282556605904322,0.03491002328445779,0.05285148333351153
resnet18_cartoon_seed42_to_art_painting,resnet18_cartoon_seed42,resnet18,cartoon,1,art_painting,42,11180103,1640,0.8553191489361702,0.3219512195121951,4.404240491913586,0.3195121951219512,5.236843667379239,71,143,358,716,1433,0.3268292682926829,0.4,0.424390243902439,0.4585365853658537,0.5439024390243903,0,0.3195121951219512,0.3195121951219512,0.9999999999202859,0.03316022842358489,0.03427641982819831,0.04799742964689378,0.08265594535046317
resnet18_cartoon_seed42_to_photo,resnet18_cartoon_seed42,resnet18,cartoon,1,photo,42,11180103,1640,0.8553191489361702,0.467065868263473,3.324625689112497,0.4790419161676646,3.316955103845653,58,117,292,585,1169,0.5598802395209581,0.5988023952095808,0.7065868263473054,0.7455089820359282,0.7874251497005988,0,0.4790419161676646,0.4790419161676646,0.9999999999999999,0.0908404715293216,0.043426502323162086,0.051650988174251906,0.08042198685849256
resnet18_cartoon_seed42_to_sketch,resnet18_cartoon_seed42,resnet18,cartoon,1,sketch,42,11180103,1640,0.8553191489361702,0.272264631043257,4.174400557695151,0.2964376590330789,4.281474086771182,138,275,688,1375,2750,0.6208651399491094,0.6946564885496184,0.7697201017811705,0.8231552162849872,0.8740458015267175,0,0.2964376590330789,0.2964376590330789,0.9999999999311147,0.166800395010574,0.03366633992536727,0.04248100341622092,0.07021425973110684
resnet18_cartoon_seed387_to_art_painting,resnet18_cartoon_seed387,resnet18,cartoon,1,art_painting,387,11180103,1640,0.8680851063829788,0.2975609756097561,4.075889512969226,0.2853658536585365,4.557747017464987,71,143,358,716,1433,0.324390243902439,0.3780487804878049,0.4414634146341463,0.4707317073170731,0.5365853658536586,0,0.2853658536585365,0.2853658536585365,0.9999999999999947,0.04136082112748597,0.033258870040351156,0.04483059701844625,0.07683571148821366
resnet18_cartoon_seed387_to_photo,resnet18_cartoon_seed387,resnet18,cartoon,1,photo,387,11180103,1640,0.8680851063829788,0.4730538922155688,3.0183774297108905,0.4850299401197604,2.8442657493545624,58,117,292,585,1169,0.5898203592814372,0.625748502994012,0.6946107784431138,0.7604790419161677,0.7784431137724551,0,0.4850299401197604,0.4850299401197604,0.9999999999999826,0.09385190753046625,0.03245640435404338,0.03946689948657662,0.05895567614809749
resnet18_cartoon_seed387_to_sketch,resnet18_cartoon_seed387,resnet18,cartoon,1,sketch,387,11180103,1640,0.8680851063829788,0.3384223918575064,4.532467762022528,0.3384223918575064,4.582078957982342,138,275,688,1375,2750,0.6615776081424937,0.6984732824427481,0.7709923664122137,0.8206106870229007,0.8816793893129771,0,0.3384223918575064,0.3384223918575064,0.9999999999999998,0.16382801880020362,0.028247435019109646,0.03603606505129244,0.06243669884697356
resnet18_photo_seed42_to_art_painting,resnet18_photo_seed42,resnet18,photo,1,art_painting,42,11180103,1169,0.8023952095808383,0.3121951219512195,4.912972631687071,0.2585365853658536,4.810587701564882,71,143,358,716,1433,0.375609756097561,0.4365853658536585,0.4682926829268293,0.5292682926829269,0.5975609756097561,0,0.2585365853658536,0.2585365853658536,0.9999999999999999,0.06370170750394494,0.031023751247265346,0.03874058786077679,0.06423341814629502
resnet18_photo_seed42_to_cartoon,resnet18_photo_seed42,resnet18,photo,1,cartoon,42,11180103,1169,0.8023952095808383,0.225531914893617,5.738468332493559,0.2217484008528784,5.4257574183091934,82,164,410,821,1640,0.5437100213219617,0.5607675906183369,0.673773987206823,0.7569296375266524,0.8166311300639659,0,0.2217484008528784,0.2217484008528784,0.9999999999999999,0.14757740579435838,0.04223824662305383,0.051767017750578244,0.0776324105423537
resnet18_photo_seed42_to_sketch,resnet18_photo_seed42,resnet18,photo,1,sketch,42,11180103,1169,0.8023952095808383,0.188295165394402,6.217438598322201,0.1768447837150127,6.391062690404839,138,275,688,1375,2750,0.5852417302798982,0.6793893129770993,0.7633587786259542,0.8142493638676844,0.8854961832061069,0,0.1768447837150127,0.1768447837150127,0.9999999999999999,0.18424804426275024,0.03836909935182712,0.04953665087506487,0.0831422908085
resnet18_photo_seed387_to_art_painting,resnet18_photo_seed387,resnet18,photo,1,art_painting,387,11180103,1169,0.8143712574850299,0.3219512195121951,4.736873794183499,0.2682926829268293,4.693740602818931,71,143,358,716,1433,0.3341463414634146,0.4048780487804878,0.4804878048780487,0.5121951219512195,0.6048780487804878,0,0.2682926829268293,0.2682926829268293,0.9999999999999999,0.05753864173171127,0.04019158090252827,0.05555656361251337,0.0937575299028538
resnet18_photo_seed387_to_cartoon,resnet18_photo_seed387,resnet18,photo,1,cartoon,387,11180103,1169,0.8143712574850299,0.2893617021276595,4.485292962256898,0.3070362473347548,4.17640591684435,82,164,410,821,1640,0.535181236673774,0.5863539445628998,0.6631130063965884,0.744136460554371,0.7825159914712153,0,0.3070362473347548,0.3070362473347548,0.9999999999999599,0.12387686649398019,0.03715494392658186,0.04448043846258224,0.06396945585554148
resnet18_photo_seed387_to_sketch,resnet18_photo_seed387,resnet18,photo,1,sketch,387,11180103,1169,0.8143712574850299,0.2137404580152671,5.89722460098849,0.2315521628498727,5.768092206416239,138,275,688,1375,2750,0.6068702290076335,0.6577608142493638,0.7608142493638677,0.8142493638676844,0.8854961832061069,0,0.2315521628498727,0.2315521628498727,0.9999999999999999,0.17324391515076834,0.04018789316377778,0.04963644146600561,0.08036555117205313
resnet18_sketch_seed42_to_art_painting,resnet18_sketch_seed42,resnet18,sketch,1,art_painting,42,11180103,2750,0.8854961832061069,0.1560975609756097,24.16505573551829,0.1512195121951219,24.259518507050306,71,143,358,716,1433,0.3048780487804878,0.3536585365853658,0.3975609756097561,0.5146341463414634,0.5756097560975609,0,0.1512195121951219,0.1512195121951219,0.9999999999999999,0.07084638471429128,0.048463442659881416,0.05483558313823022,0.08279346082922434
resnet18_sketch_seed42_to_cartoon,resnet18_sketch_seed42,resnet18,sketch,1,cartoon,42,11180103,2750,0.8854961832061069,0.2765957446808511,11.237228718209774,0.3113006396588486,11.016533597445946,82,164,410,821,1640,0.5159914712153518,0.5884861407249466,0.7036247334754797,0.7526652452025586,0.8187633262260128,0,0.3113006396588486,0.3113006396588486,0.9999999999999968,0.1302658754815289,0.04890455605257384,0.0594150799076622,0.09671584603257577
resnet18_sketch_seed42_to_photo,resnet18_sketch_seed42,resnet18,sketch,1,photo,42,11180103,2750,0.8854961832061069,0.1736526946107784,22.09733142966996,0.1676646706586826,22.69407370561612,58,117,292,585,1169,0.4790419161676646,0.5688622754491018,0.6826347305389222,0.7485029940119761,0.8023952095808383,0,0.1676646706586826,0.1676646706586826,0.9999999999999999,0.1615741283528092,0.04422118250566331,0.05360029390321646,0.09025849329389274
resnet18_sketch_seed387_to_art_painting,resnet18_sketch_seed387,resnet18,sketch,1,art_painting,387,11180103,2750,0.9033078880407124,0.1560975609756097,7.578376174554593,0.173170731707317,7.288183891482469,71,143,358,716,1433,0.324390243902439,0.3585365853658536,0.448780487804878,0.4902439024390244,0.551219512195122,0,0.173170731707317,0.173170731707317,0.9999999999999998,0.06754567992352305,0.03149108906568607,0.03963647079664741,0.057282508854149206
resnet18_sketch_seed387_to_cartoon,resnet18_sketch_seed387,resnet18,sketch,1,cartoon,387,11180103,2750,0.9033078880407124,0.2808510638297872,7.399618789997507,0.2899786780383795,7.022652924950443,82,164,410,821,1640,0.5181236673773987,0.5628997867803838,0.6716417910447762,0.744136460554371,0.7931769722814499,0,0.2899786780383795,0.2899786780383795,0.9999999999999999,0.12609540581372758,0.044072900646181745,0.053834507062638065,0.07516669862458736
resnet18_sketch_seed387_to_photo,resnet18_sketch_seed387,resnet18,sketch,1,photo,387,11180103,2750,0.9033078880407124,0.1736526946107784,6.21788687334803,0.18562874251497,6.279954167897116,58,117,292,585,1169,0.4850299401197604,0.5658682634730539,0.6377245508982036,0.7275449101796407,0.7664670658682635,0,0.18562874251497,0.18562874251497,0.9999999999999999,0.14733217203621954,0.034816882117433855,0.042342918664124755,0.06836980767365641
resnet18_art_painting-cartoon_seed42_to_photo,resnet18_art_painting-cartoon_seed42,resnet18,art_painting|cartoon,2,photo,42,11180103,3073,0.7840909090909091,0.6586826347305389,2.0479057220641725,0.6586826347305389,1.797523107357368,58,117,292,585,1169,0.7544910179640718,0.7754491017964071,0.7964071856287425,0.8083832335329342,0.8383233532934131,0,0.6586826347305389,0.6586826347305389,0.999999999999603,0.09233279047085659,0.005984989634804964,0.008332615656377223,0.016095706881791405
resnet18_art_painting-cartoon_seed42_to_sketch,resnet18_art_painting-cartoon_seed42,resnet18,art_painting|cartoon,2,sketch,42,11180103,3073,0.7840909090909091,0.4071246819338422,3.095619429765464,0.3969465648854962,3.28310845159089,138,275,688,1375,2750,0.6984732824427481,0.7417302798982188,0.821882951653944,0.8625954198473282,0.8804071246819338,0,0.3969465648854962,0.3969465648854962,0.999999999998308,0.17431529547416907,0.02648232321385861,0.03041647228693698,0.04637673820434873
resnet18_art_painting-cartoon_seed387_to_photo,resnet18_art_painting-cartoon_seed387,resnet18,art_painting|cartoon,2,photo,387,11180103,3073,0.7818181818181819,0.6107784431137725,2.487714533320444,0.6437125748502994,2.0697065970141018,58,117,292,585,1169,0.6586826347305389,0.6976047904191617,0.781437125748503,0.7964071856287425,0.8323353293413174,0,0.6437125748502994,0.6437125748502994,0.9999999999999999,0.07024457060947158,0.03586363140217217,0.043069433221267404,0.07376564024371557
resnet18_art_painting-cartoon_seed387_to_sketch,resnet18_art_painting-cartoon_seed387,resnet18,art_painting|cartoon,2,sketch,387,11180103,3073,0.7818181818181819,0.3435114503816794,3.742457593670328,0.3358778625954198,3.734627022391361,138,275,688,1375,2750,0.6628498727735369,0.7162849872773537,0.7938931297709924,0.8384223918575063,0.8854961832061069,0,0.3358778625954198,0.3358778625954198,0.999999999999999,0.17317474299907204,0.02963821248858021,0.03615199265951509,0.05457630919191181
resnet18_art_painting-photo_seed42_to_cartoon,resnet18_art_painting-photo_seed42,resnet18,art_painting|photo,2,cartoon,42,11180103,2602,0.7258064516129032,0.3574468085106383,4.438457927298039,0.4093816631130064,4.240979485420276,82,164,410,821,1640,0.6119402985074627,0.6545842217484008,0.7100213219616205,0.7611940298507462,0.8038379530916845,0,0.4093816631130064,0.4093816631130064,0.9999999999999999,0.12134050426534577,0.023785585629409745,0.029122179683625408,0.044376138209965554
resnet18_art_painting-photo_seed42_to_sketch,resnet18_art_painting-photo_seed42,resnet18,art_painting|photo,2,sketch,42,11180103,2602,0.7258064516129032,0.3740458015267175,3.36818147615622,0.3511450381679389,3.208820959387238,138,275,688,1375,2750,0.6539440203562341,0.7086513994910941,0.7824427480916031,0.8536895674300254,0.8893129770992366,0,0.3511450381679389,0.3511450381679389,0.9999999999999999,0.1682529080028945,0.035083941873979674,0.043432925157755355,0.06319101598277022
resnet18_art_painting-photo_seed387_to_cartoon,resnet18_art_painting-photo_seed387,resnet18,art_painting|photo,2,cartoon,387,11180103,2602,0.7096774193548387,0.3829787234042553,3.956179923199593,0.4136460554371002,4.208235702026627,82,164,410,821,1640,0.579957356076759,0.6311300639658849,0.7270788912579957,0.7654584221748401,0.8251599147121536,0,0.4136460554371002,0.4136460554371002,0.9999999999999999,0.11930599806700534,0.038884526315740985,0.047489473048054114,0.0739420664379693
resnet18_art_painting-photo_seed387_to_sketch,resnet18_art_painting-photo_seed387,resnet18,art_painting|photo,2,sketch,387,11180103,2602,0.7096774193548387,0.3053435114503817,6.134123600772925,0.2760814249363867,6.135320163561794,138,275,688,1375,2750,0.6208651399491094,0.6908396946564885,0.7798982188295165,0.8307888040712468,0.8753180661577609,0,0.2760814249363867,0.2760814249363867,0.9999999999999997,0.1731730868079062,0.03616337579779133,0.04363025006431932,0.07111605455766523
resnet18_art_painting-sketch_seed42_to_cartoon,resnet18_art_painting-sketch_seed42,resnet18,art_painting|sketch,2,cartoon,42,11180103,4183,0.7993311036789298,0.4595744680851064,3.688032763055032,0.4861407249466951,3.37922304881407,82,164,410,821,1640,0.6012793176972282,0.6545842217484008,0.7249466950959488,0.7782515991471215,0.8336886993603412,0,0.4861407249466951,0.4861407249466951,0.9999999999999999,0.10479535075549314,0.03736537153994329,0.047695833893576504,0.0753253568682436
resnet18_art_painting-sketch_seed42_to_photo,resnet18_art_painting-sketch_seed42,resnet18,art_painting|sketch,2,photo,42,11180103,4183,0.7993311036789298,0.5688622754491018,2.763346643504982,0.6467065868263473,2.003266094687456,58,117,292,585,1169,0.6856287425149701,0.7035928143712575,0.7664670658682635,0.8143712574850299,0.8143712574850299,0,0.6467065868263473,0.6467065868263473,0.9999999999999607,0.07041290055522004,0.027597136155730135,0.03369284638457327,0.04924990053245193
resnet18_art_painting-sketch_seed387_to_cartoon,resnet18_art_painting-sketch_seed387,resnet18,art_painting|sketch,2,cartoon,387,11180103,4183,0.794314381270903,0.5191489361702127,3.2357156631794384,0.5671641791044776,2.826012772029397,82,164,410,821,1640,0.6716417910447762,0.6801705756929638,0.7420042643923241,0.7718550106609808,0.8443496801705757,0,0.5671641791044776,0.5671641791044776,0.9999999999999367,0.09005578470460718,0.027557997276266583,0.03679175206774468,0.06657015386582299
resnet18_art_painting-sketch_seed387_to_photo,resnet18_art_painting-sketch_seed387,resnet18,art_painting|sketch,2,photo,387,11180103,4183,0.794314381270903,0.5748502994011976,2.534186014872111,0.6077844311377245,2.303928084002284,58,117,292,585,1169,0.625748502994012,0.6586826347305389,0.7544910179640718,0.8173652694610778,0.8502994011976048,0,0.6077844311377245,0.6077844311377245,0.9999999999935945,0.08003783135555793,0.049040729208465715,0.06040749222472814,0.09124938658551474
resnet18_cartoon-photo_seed42_to_art_painting,resnet18_cartoon-photo_seed42,resnet18,cartoon|photo,2,art_painting,42,11180103,2809,0.8407960199004975,0.3463414634146341,3.992223711711605,0.3024390243902439,4.442132866091844,71,143,358,716,1433,0.4,0.4317073170731707,0.4829268292682926,0.5024390243902439,0.573170731707317,0,0.3024390243902439,0.3024390243902439,0.9999999999999866,0.05161816819519507,0.020777416893209926,0.029521308093052468,0.05251428554496751
resnet18_cartoon-photo_seed42_to_sketch,resnet18_cartoon-photo_seed42,resnet18,cartoon|photo,2,sketch,42,11180103,2809,0.8407960199004975,0.3231552162849873,2.656124491121326,0.3167938931297709,2.673353709640697,138,275,688,1375,2750,0.6361323155216285,0.688295165394402,0.7430025445292621,0.811704834605598,0.8396946564885496,0,0.3167938931297709,0.3167938931297709,0.9999999999999999,0.15431366358496515,0.025660766979717958,0.030637591706229116,0.04482023678472136
resnet18_cartoon-photo_seed387_to_art_painting,resnet18_cartoon-photo_seed387,resnet18,cartoon|photo,2,art_painting,387,11180103,2809,0.818407960199005,0.3658536585365853,3.5096345110637386,0.3365853658536585,4.016953184546494,71,143,358,716,1433,0.373170731707317,0.4585365853658537,0.473170731707317,0.526829268292683,0.5658536585365853,0,0.3365853658536585,0.3365853658536585,0.9999999998573305,0.043912836281367676,0.028574557729195215,0.038896725685779045,0.07700448782015329
resnet18_cartoon-photo_seed387_to_sketch,resnet18_cartoon-photo_seed387,resnet18,cartoon|photo,2,sketch,387,11180103,2809,0.818407960199005,0.3129770992366412,3.9549278084558384,0.3142493638676845,3.892903471114375,138,275,688,1375,2750,0.6208651399491094,0.6908396946564885,0.7938931297709924,0.8180661577608143,0.8918575063613231,0,0.3142493638676845,0.3142493638676845,0.999999999999164,0.16705676759536292,0.04017658302915239,0.04914409506270587,0.07841570412408161
resnet18_cartoon-sketch_seed42_to_art_painting,resnet18_cartoon-sketch_seed42,resnet18,cartoon|sketch,2,art_painting,42,11180103,4390,0.8949044585987261,0.3170731707317073,4.579155191561071,0.2975609756097561,5.3063781552198455,71,143,358,716,1433,0.3585365853658536,0.3853658536585366,0.4365853658536585,0.4902439024390244,0.5975609756097561,0,0.2975609756097561,0.2975609756097561,0.9999999999999999,0.045960195263836164,0.042902214223352976,0.055051792895066676,0.10052047570363615
resnet18_cartoon-sketch_seed42_to_photo,resnet18_cartoon-sketch_seed42,resnet18,cartoon|sketch,2,photo,42,11180103,4390,0.8949044585987261,0.4191616766467065,3.474700025455681,0.4251497005988024,3.743047697101524,58,117,292,585,1169,0.5329341317365269,0.6107784431137725,0.6377245508982036,0.7574850299401198,0.8293413173652695,0,0.4251497005988024,0.4251497005988024,0.9999999999999939,0.105341920870941,0.05572647474874002,0.06534600717315966,0.10245670509272431
resnet18_cartoon-sketch_seed387_to_art_painting,resnet18_cartoon-sketch_seed387,resnet18,cartoon|sketch,2,art_painting,387,11180103,4390,0.8869426751592356,0.3121951219512195,4.440564430050734,0.2731707317073171,4.768320781428639,71,143,358,716,1433,0.3585365853658536,0.424390243902439,0.448780487804878,0.4853658536585366,0.5853658536585366,0,0.2731707317073171,0.2731707317073171,0.9999999999999478,0.05341848156831374,0.030523029750711927,0.04257001583290924,0.07832887721364556
resnet18_cartoon-sketch_seed387_to_photo,resnet18_cartoon-sketch_seed387,resnet18,cartoon|sketch,2,photo,387,11180103,4390,0.8869426751592356,0.5389221556886228,2.469207957833113,0.5,2.820164537715341,58,117,292,585,1169,0.5718562874251497,0.6407185628742516,0.7245508982035929,0.7455089820359282,0.8263473053892215,0,0.5,0.5,0.9999999999999999,0.0965206986556669,0.04051688917265731,0.053020272337982,0.0908205752024871
resnet18_photo-sketch_seed42_to_art_painting,resnet18_photo-sketch_seed42,resnet18,photo|sketch,2,art_painting,42,11180103,3919,0.8660714285714286,0.3317073170731707,5.064815688714749,0.3121951219512195,5.24819166602158,71,143,358,716,1433,0.4121951219512195,0.4414634146341463,0.5,0.551219512195122,0.5902439024390244,0,0.3121951219512195,0.3121951219512195,0.9999999999999999,0.05657703701764166,0.027596925748148732,0.033300769124428746,0.04781840307800894
resnet18_photo-sketch_seed42_to_cartoon,resnet18_photo-sketch_seed42,resnet18,photo|sketch,2,cartoon,42,11180103,3919,0.8660714285714286,0.4212765957446808,4.428527677820084,0.4498933901918976,4.0989849196314045,82,164,410,821,1640,0.5458422174840085,0.5906183368869936,0.6631130063965884,0.7356076759061834,0.7718550106609808,0,0.4498933901918976,0.4498933901918976,0.999999999999705,0.08502715652246041,0.04132946922734593,0.050126998462943696,0.07634807732009374
resnet18_photo-sketch_seed387_to_art_painting,resnet18_photo-sketch_seed387,resnet18,photo|sketch,2,art_painting,387,11180103,3919,0.8589285714285714,0.3024390243902439,5.593440804830411,0.2829268292682926,5.998282362775105,71,143,358,716,1433,0.4,0.4170731707317073,0.4707317073170731,0.4926829268292683,0.5682926829268292,0,0.2829268292682926,0.2829268292682926,0.9999999999999999,0.05353012065674969,0.021027830029268585,0.028804303467564137,0.054244283352407274
resnet18_photo-sketch_seed387_to_cartoon,resnet18_photo-sketch_seed387,resnet18,photo|sketch,2,cartoon,387,11180103,3919,0.8589285714285714,0.4,4.717517382033328,0.4392324093816631,4.405634459147829,82,164,410,821,1640,0.5415778251599147,0.5991471215351812,0.6631130063965884,0.7164179104477612,0.7867803837953091,0,0.4392324093816631,0.4392324093816631,0.9999999999976271,0.08820886477541341,0.039081588273134425,0.05003310354474234,0.07866743264341858
